employee_id,name,department,job_role,gender,age,hire_date,last_promotion_date,salary,performance_rating,attrition,education_level,marital_status,location
1,Jacob Padilla,Engineering,Software Engineer,Female,25,2016-02-13,2020-09-19,39000,5,Yes,Bachelor,Divorced,Bangalore
2,Robin Mercer,HR,HR Manager,Female,48,2025-05-17,2025-06-29,39000,3,No,Bachelor,Divorced,Hyderabad
3,Jasmine Hinton,Finance,Financial Analyst,Female,25,2025-05-10,2025-06-04,59000,1,No,PhD,Married,Bangalore
4,Nathaniel Smith,Marketing,Content Strategist,Female,57,2016-11-23,2021-03-20,137000,4,Yes,Master,Married,Hyderabad
5,Jasmin Orozco,Marketing,Content Strategist,Male,35,2017-05-22,2022-05-17,95000,4,No,PhD,Married,Delhi
6,Tamara Shah,Sales,Sales Manager,Female,37,2022-03-09,2023-09-05,134000,3,No,Bachelor,Divorced,Chennai
7,Kristy Patterson,Marketing,SEO Specialist,Female,50,2019-06-08,2020-02-03,68000,4,Yes,Diploma,Single,Chennai
8,Jennifer Myers,Finance,Accountant,Female,24,2022-10-20,2024-08-31,118000,2,No,PhD,Married,Chennai
9,Gabrielle Rose,Marketing,SEO Specialist,Female,26,2023-03-27,2023-06-18,140000,2,No,Bachelor,Single,Chennai
10,Karen Douglas,Marketing,SEO Specialist,Female,46,2022-08-27,2023-02-24,146000,4,Yes,Diploma,Married,Bangalore
11,Mary Alvarez,Marketing,Content Strategist,Female,25,2018-01-31,2019-04-21,59000,4,Yes,Master,Married,Mumbai
12,Christopher Cooper,Sales,Sales Executive,Male,50,2022-06-17,2025-01-29,83000,4,No,Diploma,Divorced,Chennai
13,Sara Williams,Sales,Sales Manager,Female,36,2020-06-14,2024-04-28,50000,2,Yes,Master,Single,Mumbai
14,Barbara Burke,Marketing,Content Strategist,Female,40,2018-10-25,2024-08-01,31000,2,No,PhD,Single,Delhi
15,Stephen Brown,Marketing,Content Strategist,Female,57,2018-07-22,2022-07-09,81000,3,No,Diploma,Divorced,Mumbai
16,Joseph Singleton,HR,HR Manager,Male,35,2023-04-09,2024-11-01,88000,3,No,Bachelor,Single,Hyderabad
17,Taylor Lewis,Marketing,Content Strategist,Male,45,2016-11-11,2019-02-15,110000,1,No,Diploma,Single,Chennai
18,Jordan Mcmillan,Engineering,DevOps Engineer,Female,52,2021-10-05,2022-09-28,46000,2,No,Diploma,Married,Mumbai
19,James Smith,Engineering,Software Engineer,Male,28,2022-12-24,2024-09-24,128000,3,No,Master,Divorced,Hyderabad
20,Samuel Sloan,Finance,Accountant,Male,56,2021-03-30,2024-04-26,150000,1,No,Bachelor,Divorced,Chennai
21,Luis Arnold,Marketing,SEO Specialist,Male,44,2018-12-04,2021-03-28,131000,3,No,PhD,Divorced,Bangalore
22,Jessica Lopez,Marketing,Content Strategist,Male,47,2021-07-03,2022-01-06,127000,5,Yes,Diploma,Married,Hyderabad
23,Michael Carson,HR,Recruiter,Female,38,2018-10-02,2024-04-28,55000,4,No,Diploma,Divorced,Chennai
24,Devin Conner,Engineering,Software Engineer,Male,28,2015-08-28,2021-01-28,60000,4,No,Diploma,Divorced,Delhi
25,Kevin Clayton,HR,Recruiter,Female,27,2016-07-13,2024-08-21,139000,4,No,Master,Married,Bangalore
26,Emma Simpson,Sales,Sales Manager,Male,47,2015-11-23,2021-10-11,91000,3,No,Master,Single,Bangalore
27,Brianna Burke,HR,HR Manager,Female,31,2017-11-05,2023-02-03,110000,5,No,PhD,Single,Delhi
28,Alyssa Barnes,Marketing,Content Strategist,Male,22,2021-11-20,2022-12-13,135000,5,No,Master,Married,Bangalore
29,Sarah Webb,Finance,Financial Analyst,Female,35,2016-05-12,2021-12-01,68000,4,No,PhD,Married,Delhi
30,Lisa Mendez,Sales,Sales Executive,Male,44,2019-03-27,2022-10-21,148000,4,No,Diploma,Divorced,Bangalore
31,Colleen Harrison,Marketing,Content Strategist,Male,50,2017-12-20,2022-05-18,132000,3,Yes,Master,Single,Bangalore
32,Emily Myers,Sales,Sales Executive,Male,42,2020-12-24,2024-04-06,119000,4,No,Bachelor,Divorced,Hyderabad
33,Kimberly Davis,Finance,Financial Analyst,Female,24,2022-06-02,2024-05-07,131000,2,No,Bachelor,Single,Mumbai
34,Kiara Walker,Engineering,DevOps Engineer,Male,39,2018-04-13,2024-08-08,89000,4,No,Master,Divorced,Delhi
35,Janet Rose,Engineering,DevOps Engineer,Male,50,2024-12-15,2025-04-26,48000,3,No,PhD,Single,Bangalore
36,Tyler Caldwell,Sales,Sales Executive,Male,41,2022-01-19,2022-04-29,133000,2,No,PhD,Single,Chennai
37,Donna Jones,Finance,Accountant,Male,28,2022-06-12,2023-02-14,82000,5,Yes,Master,Single,Mumbai
38,Tyler Oconnell,Marketing,SEO Specialist,Female,48,2020-08-14,2022-04-18,56000,3,Yes,PhD,Single,Chennai
39,Shelby Scott,Marketing,SEO Specialist,Female,23,2020-10-01,2022-04-09,80000,3,No,Bachelor,Single,Bangalore
40,Sheri Roberts,HR,HR Manager,Female,39,2023-10-12,2024-12-07,35000,5,Yes,Master,Married,Chennai
41,Troy Thompson,Sales,Sales Executive,Female,42,2023-11-17,2025-01-16,42000,3,No,Master,Married,Hyderabad
42,Katrina Moore,Engineering,Software Engineer,Male,38,2021-09-15,2022-05-31,41000,4,Yes,PhD,Single,Mumbai
43,Jared Reid,HR,Recruiter,Female,39,2023-12-13,2024-05-23,111000,2,No,Master,Single,Bangalore
44,Kathy Owen,Engineering,Software Engineer,Male,34,2015-10-12,2019-04-17,71000,4,No,Master,Married,Mumbai
45,Michael Murphy,Marketing,Content Strategist,Female,44,2024-03-01,2024-07-19,135000,1,No,Bachelor,Single,Delhi
46,Crystal Reid,Marketing,Content Strategist,Female,37,2017-01-04,2021-06-20,89000,2,No,Diploma,Divorced,Mumbai
47,Judith Mitchell,Marketing,SEO Specialist,Female,35,2023-12-07,2023-12-26,60000,3,No,Master,Married,Chennai
48,Carlos Wood,HR,HR Manager,Male,26,2020-06-08,2022-10-14,112000,4,No,Master,Single,Hyderabad
49,Ryan Watkins,Sales,Sales Manager,Male,40,2018-09-28,2022-12-05,36000,4,Yes,Diploma,Single,Chennai
50,Victoria Wilcox,Engineering,Data Analyst,Female,37,2017-08-12,2019-06-02,35000,5,No,PhD,Single,Hyderabad
51,David Arnold,Engineering,Data Analyst,Male,52,2018-10-28,2023-03-06,67000,4,Yes,Bachelor,Single,Chennai
52,Frank George,HR,HR Manager,Female,59,2015-09-09,2025-05-02,35000,3,No,Master,Single,Delhi
53,Karen Small,Marketing,Content Strategist,Female,42,2024-08-17,2025-01-17,124000,5,Yes,Master,Single,Delhi
54,Joseph Hardy,Sales,Sales Executive,Male,59,2022-05-12,2025-07-02,135000,5,No,Master,Single,Hyderabad
55,Matthew Miller,HR,HR Manager,Female,28,2015-08-24,2020-03-10,79000,5,No,Bachelor,Divorced,Delhi
56,Susan Sanchez,Finance,Accountant,Female,22,2018-08-27,2019-11-09,90000,4,No,Bachelor,Divorced,Delhi
57,Megan Mitchell,HR,Recruiter,Female,26,2025-01-14,2025-07-02,141000,3,No,Master,Single,Mumbai
58,Jenna Fleming,Sales,Sales Manager,Male,52,2022-12-13,2024-07-03,149000,4,No,Master,Single,Delhi
59,David Townsend,Finance,Accountant,Female,41,2018-11-15,2024-08-26,111000,4,Yes,Bachelor,Married,Chennai
60,Brandy Petersen,HR,HR Manager,Female,40,2019-09-22,2019-10-12,123000,4,No,Diploma,Single,Delhi
61,Julian Reyes,Finance,Accountant,Male,52,2024-04-14,2025-04-16,32000,3,Yes,Diploma,Married,Mumbai
62,Karen Barrett,Finance,Financial Analyst,Male,59,2017-04-08,2020-04-28,42000,2,No,PhD,Single,Delhi
63,Brian James,Marketing,SEO Specialist,Male,45,2024-10-19,2025-04-24,60000,4,No,Diploma,Single,Bangalore
64,Theresa Campbell,HR,Recruiter,Female,47,2022-03-26,2023-02-05,70000,4,No,Diploma,Married,Hyderabad
65,Ian Martin,Engineering,Software Engineer,Female,43,2016-11-14,2020-07-09,140000,3,No,Master,Divorced,Hyderabad
66,Antonio Kirk,Engineering,Data Analyst,Female,26,2019-08-02,2021-12-04,81000,3,No,Bachelor,Married,Mumbai
67,John Duarte,Engineering,Software Engineer,Female,28,2019-04-06,2021-03-05,37000,5,No,Master,Single,Chennai
68,Jenna Townsend,Sales,Sales Manager,Male,45,2018-02-26,2025-04-04,133000,5,No,Diploma,Divorced,Delhi
69,Austin Baxter,Finance,Financial Analyst,Male,48,2017-07-09,2022-08-25,89000,4,Yes,PhD,Married,Hyderabad
70,Amber Cox,Marketing,Content Strategist,Male,52,2018-05-15,2023-10-10,84000,3,No,PhD,Married,Bangalore
71,Michelle Conley,Engineering,Data Analyst,Female,29,2021-09-28,2022-04-09,52000,4,Yes,Diploma,Divorced,Bangalore
72,Latasha Nelson,Sales,Sales Manager,Female,49,2019-08-10,2024-03-25,48000,4,Yes,Master,Married,Delhi
73,James Miller,HR,Recruiter,Male,45,2017-11-04,2021-05-11,64000,5,Yes,Bachelor,Divorced,Mumbai
74,Dennis Lee,Sales,Sales Manager,Male,46,2022-06-16,2023-02-24,65000,3,Yes,PhD,Divorced,Chennai
75,Eric Haynes,Finance,Financial Analyst,Male,39,2018-07-10,2025-05-02,148000,3,No,Diploma,Married,Chennai
76,Jasmine Waters,HR,HR Manager,Male,49,2017-09-26,2020-08-03,123000,4,No,Diploma,Single,Hyderabad
77,Derrick Ball,Sales,Sales Manager,Female,37,2019-05-09,2022-04-19,133000,2,Yes,Bachelor,Divorced,Mumbai
78,Sean Robinson,HR,HR Manager,Male,30,2023-11-22,2024-05-25,60000,4,Yes,PhD,Single,Chennai
79,Melissa Walters,Marketing,SEO Specialist,Male,28,2022-05-18,2022-11-18,39000,3,No,Master,Married,Chennai
80,Joseph Stark,Finance,Financial Analyst,Male,56,2018-12-19,2021-08-11,70000,5,No,PhD,Divorced,Bangalore
81,Melissa Barnes,Sales,Sales Executive,Male,23,2025-05-07,2025-06-28,84000,4,No,Bachelor,Single,Mumbai
82,Gabriella Smith,Sales,Sales Executive,Female,36,2018-09-22,2020-01-03,117000,3,No,Diploma,Single,Chennai
83,Jamie Cline,Sales,Sales Manager,Female,34,2021-07-02,2023-02-20,31000,4,No,Bachelor,Single,Mumbai
84,Tina Gonzalez,Finance,Accountant,Male,36,2015-08-01,2020-08-30,91000,3,No,PhD,Single,Delhi
85,Ashlee Newman,Sales,Sales Executive,Male,53,2019-09-07,2020-10-16,85000,5,Yes,Master,Married,Hyderabad
86,Karen Dennis,Finance,Financial Analyst,Male,48,2022-03-03,2022-07-01,37000,4,Yes,Diploma,Divorced,Chennai
87,Richard Jensen,HR,HR Manager,Male,43,2022-02-14,2024-10-27,55000,3,No,Diploma,Single,Chennai
88,Eric Johnson,Sales,Sales Manager,Female,50,2023-11-29,2024-06-24,52000,2,Yes,Bachelor,Married,Mumbai
89,Ryan Robles,HR,HR Manager,Female,44,2021-12-01,2024-04-15,131000,5,No,Diploma,Single,Hyderabad
90,Gabriel Mcdaniel,Sales,Sales Executive,Female,56,2017-09-16,2020-11-20,89000,3,No,Diploma,Single,Mumbai
91,Miguel Peters,Finance,Accountant,Male,46,2016-01-11,2023-06-02,35000,4,No,Bachelor,Married,Bangalore
92,Bradley Burnett,HR,Recruiter,Female,39,2020-05-06,2022-06-19,74000,5,No,PhD,Divorced,Chennai
93,Harry Ortiz,Engineering,Data Analyst,Male,60,2019-03-13,2025-04-15,136000,4,No,Bachelor,Single,Hyderabad
94,Dana Taylor,Sales,Sales Manager,Female,38,2022-07-28,2023-08-15,150000,3,No,Diploma,Single,Hyderabad
95,Alicia Leon,Engineering,DevOps Engineer,Male,60,2018-09-05,2021-04-07,61000,3,No,PhD,Divorced,Hyderabad
96,Grant Snyder,Marketing,Content Strategist,Female,32,2017-08-23,2018-12-12,62000,3,No,Diploma,Divorced,Delhi
97,Amy Williams,Engineering,Software Engineer,Female,28,2017-05-08,2021-04-01,39000,3,Yes,Bachelor,Married,Mumbai
98,Lisa Graham,Sales,Sales Executive,Male,30,2023-01-15,2024-05-20,85000,4,No,Master,Divorced,Delhi
99,Barbara Johnston,HR,Recruiter,Female,39,2022-12-16,2023-08-16,104000,3,No,PhD,Single,Mumbai
100,Melissa Mitchell,Finance,Financial Analyst,Male,37,2024-02-25,2024-04-08,50000,3,No,Master,Married,Hyderabad
101,Todd Cross,Sales,Sales Manager,Male,54,2017-04-21,2021-10-31,99000,3,No,Diploma,Single,Hyderabad
102,Alicia French,HR,Recruiter,Male,50,2025-05-29,2025-06-16,150000,3,No,Master,Single,Hyderabad
103,Stephen Miller,Finance,Financial Analyst,Male,45,2017-04-08,2021-10-10,97000,5,No,PhD,Divorced,Hyderabad
104,Katherine Moreno,HR,Recruiter,Male,24,2020-02-03,2024-07-26,78000,3,Yes,PhD,Single,Delhi
105,Chloe Graham,Finance,Financial Analyst,Female,48,2018-05-14,2021-04-13,119000,3,No,Bachelor,Single,Hyderabad
106,Mark Ramirez,Sales,Sales Manager,Male,48,2018-02-16,2024-10-23,43000,4,No,Master,Divorced,Delhi
107,Kyle Watkins,HR,HR Manager,Female,39,2023-04-15,2023-07-13,84000,5,No,Diploma,Single,Chennai
108,Xavier Wright,Marketing,SEO Specialist,Female,48,2019-01-08,2023-01-12,32000,5,No,PhD,Divorced,Bangalore
109,Ashley Herrera,Sales,Sales Manager,Male,22,2024-12-05,2025-02-15,87000,5,No,Bachelor,Married,Delhi
110,William Sims,Engineering,Data Analyst,Male,30,2023-02-25,2024-04-26,32000,2,Yes,Diploma,Single,Delhi
111,Christopher Levy,Marketing,SEO Specialist,Male,31,2025-03-06,2025-04-26,76000,3,No,Bachelor,Single,Mumbai
112,Marc Banks,Sales,Sales Executive,Female,30,2016-01-17,2019-07-29,140000,5,No,Diploma,Married,Hyderabad
113,Jennifer Moore,Marketing,SEO Specialist,Male,32,2020-03-27,2020-06-29,114000,4,Yes,Diploma,Divorced,Bangalore
114,Katherine Scott,Sales,Sales Executive,Male,24,2023-04-17,2023-05-10,82000,5,Yes,PhD,Single,Bangalore
115,Bradley Wilcox,Finance,Financial Analyst,Male,57,2019-01-07,2024-12-31,140000,4,Yes,PhD,Single,Mumbai
116,Karen Sawyer,Marketing,SEO Specialist,Female,48,2023-04-13,2024-09-29,70000,4,No,PhD,Married,Delhi
117,Michael Ward,Sales,Sales Executive,Male,22,2023-05-24,2025-04-01,111000,5,No,Diploma,Divorced,Mumbai
118,David Parker,Finance,Accountant,Female,28,2025-01-08,2025-06-24,39000,2,No,Bachelor,Married,Delhi
119,Jill Sanders,Marketing,Content Strategist,Male,30,2023-11-14,2025-07-06,41000,5,No,Bachelor,Single,Delhi
120,Dr. Tina Sutton MD,Sales,Sales Executive,Male,26,2017-01-27,2021-04-24,110000,4,No,Master,Single,Mumbai
121,Leslie Chase,Engineering,Software Engineer,Male,26,2022-11-06,2022-12-31,139000,3,No,Master,Married,Delhi
122,Miranda Smith,Engineering,Data Analyst,Male,38,2025-04-11,2025-05-05,96000,5,No,PhD,Divorced,Delhi
123,Zachary Wheeler,Finance,Accountant,Female,24,2024-03-30,2024-04-23,56000,3,Yes,PhD,Divorced,Chennai
124,Karen Peterson,Sales,Sales Executive,Female,29,2023-01-25,2023-08-14,131000,4,No,PhD,Married,Delhi
125,Michael Nunez,Marketing,Content Strategist,Female,56,2020-11-12,2022-11-14,113000,5,No,PhD,Married,Mumbai
126,Matthew Smith,Engineering,DevOps Engineer,Male,45,2023-06-30,2025-06-03,73000,4,No,Master,Divorced,Hyderabad
127,Elizabeth Taylor,Engineering,DevOps Engineer,Female,41,2022-09-07,2023-01-14,114000,5,No,PhD,Divorced,Hyderabad
128,Laura Smith,HR,HR Manager,Male,40,2019-11-15,2025-01-13,111000,4,No,PhD,Single,Bangalore
129,Deborah Glass,Sales,Sales Executive,Male,23,2021-06-01,2024-04-23,37000,1,No,Bachelor,Divorced,Chennai
130,Kimberly Wilson,Marketing,Content Strategist,Female,59,2020-09-21,2022-08-30,69000,4,Yes,Diploma,Single,Bangalore
131,Patricia Calderon,HR,HR Manager,Male,50,2020-08-16,2023-04-12,43000,2,Yes,PhD,Married,Chennai
132,James Donaldson,HR,HR Manager,Female,60,2020-03-31,2021-09-05,115000,4,No,Diploma,Single,Bangalore
133,Carolyn Rice,HR,HR Manager,Male,56,2018-01-01,2020-05-15,33000,3,Yes,Bachelor,Single,Hyderabad
134,Mitchell Navarro,Marketing,Content Strategist,Male,48,2017-01-16,2020-06-25,56000,4,No,Diploma,Divorced,Bangalore
135,Michelle Luna,Marketing,SEO Specialist,Male,41,2023-05-17,2024-11-02,112000,1,No,Diploma,Divorced,Delhi
136,Jason Davis,HR,Recruiter,Female,51,2024-09-25,2025-05-17,41000,4,No,Master,Single,Chennai
137,Anthony Morris,Finance,Financial Analyst,Male,43,2019-02-23,2022-10-26,147000,4,No,PhD,Divorced,Hyderabad
138,Ryan Nguyen,Engineering,DevOps Engineer,Female,55,2023-11-24,2024-03-15,65000,3,No,Master,Single,Delhi
139,Carlos Hebert,HR,HR Manager,Female,37,2017-06-10,2023-02-16,140000,4,No,PhD,Single,Mumbai
140,Kimberly Bowers,Engineering,DevOps Engineer,Male,46,2019-02-02,2021-06-28,149000,5,No,Diploma,Married,Delhi
141,Mary King,HR,HR Manager,Female,36,2016-08-18,2024-02-24,105000,5,No,Diploma,Divorced,Delhi
142,Nicholas Hughes,HR,HR Manager,Male,24,2024-10-23,2025-04-15,34000,2,No,Master,Married,Bangalore
143,Derrick Jones,HR,HR Manager,Male,30,2017-12-01,2019-06-24,121000,4,Yes,Bachelor,Divorced,Hyderabad
144,Thomas Guzman,HR,Recruiter,Male,56,2023-11-07,2024-04-19,147000,4,No,Diploma,Single,Bangalore
145,Marie Guzman,Finance,Financial Analyst,Male,24,2022-02-18,2024-11-30,35000,5,No,Bachelor,Divorced,Chennai
146,Patty Martinez,Sales,Sales Executive,Male,28,2016-05-02,2021-09-03,134000,4,Yes,PhD,Married,Mumbai
147,Belinda Miller,Engineering,Software Engineer,Female,38,2019-10-05,2020-07-20,67000,1,No,PhD,Divorced,Delhi
148,Kevin Lee,Sales,Sales Manager,Male,48,2020-09-22,2021-10-06,34000,3,No,PhD,Married,Hyderabad
149,Maureen Kemp,Marketing,Content Strategist,Male,58,2020-10-23,2023-02-02,137000,3,No,Master,Married,Hyderabad
150,Tamara Brown,HR,Recruiter,Female,28,2019-04-11,2024-09-25,94000,4,No,Diploma,Divorced,Chennai
151,Todd Gutierrez,Marketing,SEO Specialist,Male,40,2025-06-01,2025-06-04,137000,3,No,Diploma,Single,Hyderabad
152,Stacey Thomas,HR,Recruiter,Male,42,2022-07-09,2023-08-25,77000,2,No,Bachelor,Married,Hyderabad
153,Stephen Stevens,Engineering,Software Engineer,Female,38,2016-09-15,2021-05-26,86000,5,No,Diploma,Divorced,Bangalore
154,Melinda Sanders,Sales,Sales Executive,Male,44,2021-02-28,2023-09-14,106000,3,Yes,Diploma,Divorced,Delhi
155,Matthew Robinson,Engineering,Software Engineer,Female,50,2017-06-14,2024-11-24,120000,4,No,Master,Married,Mumbai
156,Michael Carpenter,Finance,Financial Analyst,Female,41,2018-08-06,2021-02-03,129000,4,No,Master,Divorced,Bangalore
157,Amanda Weiss,Finance,Accountant,Female,32,2022-07-08,2025-01-25,61000,3,Yes,Bachelor,Single,Hyderabad
158,Ms. Karina Clark DDS,Finance,Accountant,Male,31,2024-11-25,2025-05-20,134000,3,No,PhD,Single,Hyderabad
159,Kelsey Case,HR,Recruiter,Male,46,2023-10-23,2025-01-24,91000,1,No,Diploma,Divorced,Bangalore
160,Manuel Gilmore,Marketing,SEO Specialist,Female,23,2016-08-05,2021-08-10,49000,3,No,Bachelor,Divorced,Bangalore
161,Richard Brooks,Sales,Sales Manager,Male,59,2024-05-08,2024-09-22,142000,3,Yes,Bachelor,Married,Mumbai
162,Lisa Morgan,Engineering,Data Analyst,Male,48,2016-08-23,2022-08-12,62000,4,No,Master,Married,Mumbai
163,Mike Gray,Sales,Sales Manager,Male,48,2020-12-02,2021-01-16,98000,4,No,Master,Divorced,Chennai
164,Brittany Wright,HR,Recruiter,Female,28,2017-09-18,2019-10-11,35000,3,Yes,Master,Divorced,Chennai
165,Selena Martinez,HR,Recruiter,Male,52,2024-04-12,2024-09-07,97000,1,No,PhD,Divorced,Chennai
166,Amanda Wolf,Sales,Sales Manager,Male,33,2018-04-06,2019-10-23,81000,4,No,PhD,Divorced,Hyderabad
167,Patrick Oconnor,Engineering,Data Analyst,Female,47,2021-05-20,2024-02-08,38000,1,No,Diploma,Divorced,Chennai
168,Gary Holder,Marketing,SEO Specialist,Male,36,2024-08-08,2025-01-26,70000,4,No,Master,Married,Mumbai
169,Julie Osborne,Finance,Financial Analyst,Male,26,2022-01-03,2023-06-07,136000,4,Yes,Master,Single,Chennai
170,John Gonzalez,Sales,Sales Manager,Female,57,2016-10-04,2020-02-02,115000,2,No,PhD,Single,Chennai
171,Samuel Le DDS,Sales,Sales Manager,Female,33,2022-06-28,2024-06-25,93000,1,No,PhD,Married,Bangalore
172,Melissa Ford,Engineering,Data Analyst,Female,53,2022-01-02,2025-04-21,86000,4,Yes,PhD,Single,Chennai
173,Michelle Liu,Sales,Sales Executive,Male,58,2023-11-26,2024-10-27,149000,3,No,PhD,Divorced,Delhi
174,Jesse Smith,HR,HR Manager,Male,26,2020-04-04,2021-12-23,116000,3,No,Master,Single,Bangalore
175,Heather Newton,Sales,Sales Manager,Male,35,2016-08-18,2020-04-08,148000,3,No,Bachelor,Divorced,Delhi
176,Anthony Ross,Engineering,Software Engineer,Female,35,2024-04-01,2024-04-28,100000,2,No,Bachelor,Divorced,Hyderabad
177,Shelly Sanders,Engineering,Data Analyst,Male,30,2019-10-20,2025-03-07,92000,4,Yes,Diploma,Single,Mumbai
178,Michael Jackson,Finance,Accountant,Male,56,2021-11-11,2023-07-17,109000,5,Yes,PhD,Married,Delhi
179,Shannon Marsh MD,Sales,Sales Manager,Female,45,2018-07-13,2023-10-05,86000,3,No,Bachelor,Single,Chennai
180,Ryan Leblanc,HR,HR Manager,Male,43,2024-04-22,2025-04-02,136000,5,No,Diploma,Single,Hyderabad
181,Marcus Smith,Finance,Accountant,Male,43,2016-06-21,2022-08-05,42000,5,No,Diploma,Divorced,Delhi
182,Donna Haney,Finance,Accountant,Female,43,2022-01-02,2024-07-06,85000,3,Yes,PhD,Married,Chennai
183,Jody Williams,Sales,Sales Manager,Female,54,2016-04-05,2019-11-20,66000,5,No,Master,Divorced,Mumbai
184,Jonathan Barnes,HR,Recruiter,Male,42,2022-06-20,2023-07-26,123000,3,No,Bachelor,Single,Mumbai
185,Peggy Small,Marketing,SEO Specialist,Male,47,2022-03-16,2022-08-17,69000,2,Yes,Diploma,Divorced,Hyderabad
186,William Mullins,Marketing,SEO Specialist,Male,60,2017-08-01,2025-05-02,145000,4,Yes,Diploma,Divorced,Bangalore
187,Robert Snyder,HR,HR Manager,Male,48,2018-09-06,2023-02-21,132000,2,No,Bachelor,Married,Bangalore
188,Mrs. Jasmine Castro,Engineering,DevOps Engineer,Female,41,2023-07-04,2024-01-18,54000,3,No,Diploma,Divorced,Delhi
189,Dr. Wendy Estes,HR,Recruiter,Male,29,2020-10-24,2020-12-06,131000,5,No,Diploma,Married,Hyderabad
190,Sabrina Taylor,HR,Recruiter,Male,52,2021-10-17,2022-09-19,131000,3,Yes,Diploma,Single,Bangalore
191,Benjamin Moore,HR,Recruiter,Male,22,2024-01-12,2024-05-30,120000,4,No,Bachelor,Single,Hyderabad
192,Jonathan Bennett,Finance,Accountant,Male,39,2022-04-05,2022-08-14,124000,4,No,Master,Single,Chennai
193,Kimberly Santos,Finance,Financial Analyst,Female,57,2015-08-31,2023-01-24,123000,4,No,PhD,Single,Hyderabad
194,Jennifer Wright,HR,HR Manager,Male,27,2018-11-06,2020-09-20,81000,3,No,Master,Married,Delhi
195,Christine Stone,HR,Recruiter,Female,58,2024-11-03,2025-06-03,125000,3,No,Master,Single,Chennai
196,Michelle Burton,Finance,Accountant,Female,46,2022-05-05,2023-02-26,132000,4,No,PhD,Married,Chennai
197,Alison Jimenez,HR,Recruiter,Male,31,2016-05-03,2019-11-08,109000,5,No,Master,Married,Mumbai
198,Dawn Oconnor,Sales,Sales Executive,Female,40,2018-12-18,2024-02-27,120000,1,No,Diploma,Single,Delhi
199,David Smith,HR,Recruiter,Male,58,2015-10-16,2022-08-24,49000,3,No,Diploma,Married,Delhi
200,Jessica Mathis,HR,Recruiter,Female,34,2016-01-02,2024-07-04,133000,4,No,Master,Married,Delhi
201,Gregory Phelps,HR,Recruiter,Female,35,2024-07-24,2025-04-07,63000,4,Yes,Diploma,Married,Delhi
202,Raymond Morris,HR,Recruiter,Male,36,2023-05-09,2024-10-04,82000,4,No,PhD,Married,Delhi
203,Ross Hawkins,Marketing,Content Strategist,Male,35,2022-04-03,2023-06-28,55000,2,No,PhD,Married,Delhi
204,Bridget Nash,Marketing,SEO Specialist,Female,55,2018-01-11,2024-12-03,142000,2,Yes,Diploma,Married,Hyderabad
205,Melissa Johnson,Engineering,DevOps Engineer,Female,27,2018-10-12,2024-10-11,50000,3,Yes,PhD,Divorced,Delhi
206,Greg Ruiz,HR,HR Manager,Male,35,2024-08-03,2024-08-04,144000,5,No,Master,Married,Chennai
207,Elizabeth Hall,Sales,Sales Executive,Female,59,2024-04-07,2024-07-03,137000,4,Yes,Bachelor,Married,Bangalore
208,Daisy Johnson,Finance,Accountant,Male,23,2020-02-05,2024-10-15,37000,1,No,Diploma,Married,Hyderabad
209,Sean Williams,Marketing,SEO Specialist,Male,27,2024-03-25,2024-08-01,64000,3,Yes,Bachelor,Divorced,Delhi
210,Jonathan Smith,Sales,Sales Executive,Female,32,2017-02-16,2024-12-27,79000,5,No,Master,Single,Hyderabad
211,William Cowan,Engineering,Data Analyst,Male,57,2023-11-20,2025-03-06,149000,1,No,PhD,Divorced,Mumbai
212,Alice Brown,HR,HR Manager,Male,42,2024-03-09,2025-06-05,129000,1,Yes,PhD,Divorced,Delhi
213,Timothy Lee,Sales,Sales Executive,Female,42,2024-02-25,2025-01-12,79000,3,Yes,Diploma,Married,Bangalore
214,Tammy Mccall,Sales,Sales Executive,Male,22,2015-12-08,2019-09-08,91000,4,Yes,Bachelor,Single,Bangalore
215,Bruce Willis,HR,Recruiter,Male,50,2025-04-30,2025-05-11,43000,5,No,Bachelor,Divorced,Hyderabad
216,Steven Garcia,Sales,Sales Manager,Female,36,2023-01-16,2023-12-13,93000,2,No,PhD,Single,Hyderabad
217,Eric Vance,Finance,Accountant,Male,50,2021-05-13,2022-05-12,144000,2,No,Master,Single,Hyderabad
218,Tammy Ramos,Engineering,DevOps Engineer,Female,43,2024-06-18,2025-06-17,135000,3,No,PhD,Married,Mumbai
219,Angela Wilson,HR,HR Manager,Male,35,2020-02-28,2022-10-29,103000,4,No,PhD,Single,Chennai
220,Elizabeth Griffin,Sales,Sales Manager,Male,37,2016-09-17,2017-01-01,43000,3,No,Master,Single,Chennai
221,Tiffany Scott,Finance,Financial Analyst,Female,54,2016-10-27,2018-09-30,75000,4,No,PhD,Single,Chennai
222,Angela Gomez,Sales,Sales Executive,Female,35,2023-04-09,2024-03-17,66000,4,Yes,Master,Divorced,Bangalore
223,Rebecca Adams,Finance,Financial Analyst,Male,27,2024-12-30,2025-02-02,147000,4,No,PhD,Single,Bangalore
224,Melissa Elliott,Finance,Financial Analyst,Female,34,2023-06-15,2025-06-17,31000,2,No,Diploma,Divorced,Hyderabad
225,Walter Pham,Marketing,SEO Specialist,Female,40,2021-07-26,2023-05-03,140000,4,No,Bachelor,Single,Mumbai
226,Christopher Wolf,Sales,Sales Executive,Female,37,2015-10-20,2019-04-16,54000,4,No,Bachelor,Single,Chennai
227,Frank Flores,Marketing,Content Strategist,Female,55,2025-05-04,2025-06-14,88000,5,Yes,PhD,Divorced,Bangalore
228,Susan Byrd,Engineering,DevOps Engineer,Female,58,2024-03-28,2024-07-07,128000,5,No,Bachelor,Divorced,Mumbai
229,Michael Ray,Sales,Sales Executive,Male,23,2018-11-02,2020-07-25,62000,5,Yes,Master,Single,Hyderabad
230,Patricia Moore,Engineering,Data Analyst,Male,23,2025-07-02,2025-07-05,43000,5,No,PhD,Single,Delhi
231,Eric Lopez,Marketing,SEO Specialist,Male,50,2022-02-27,2023-06-13,43000,3,Yes,Master,Single,Chennai
232,Julie Glover,HR,Recruiter,Female,59,2022-11-11,2024-07-09,96000,4,Yes,Bachelor,Married,Bangalore
233,Danielle Norris,Marketing,Content Strategist,Male,31,2016-08-31,2023-04-23,118000,4,No,Master,Single,Mumbai
234,Michelle Suarez,Sales,Sales Executive,Female,25,2022-05-07,2024-11-14,132000,3,No,PhD,Divorced,Mumbai
235,Debra Gomez,Marketing,SEO Specialist,Female,57,2020-02-05,2023-02-01,37000,3,Yes,PhD,Single,Mumbai
236,Brian Watson,HR,Recruiter,Male,55,2020-11-03,2022-08-15,55000,2,No,Bachelor,Single,Bangalore
237,Logan Johnson,Sales,Sales Manager,Female,24,2023-05-23,2023-09-22,136000,5,No,Bachelor,Single,Delhi
238,Alex Ellis,Engineering,DevOps Engineer,Female,56,2021-01-10,2023-08-15,136000,5,No,PhD,Single,Delhi
239,Pamela Lee,HR,Recruiter,Male,24,2025-06-20,2025-07-03,68000,2,No,Master,Single,Hyderabad
240,Ashley Alvarez,Marketing,SEO Specialist,Male,51,2018-05-17,2024-12-28,107000,4,Yes,Bachelor,Divorced,Bangalore
241,Latoya Beasley,Engineering,Data Analyst,Female,39,2020-09-05,2022-01-16,62000,4,No,PhD,Married,Delhi
242,Sydney Mathews,Marketing,Content Strategist,Female,34,2016-09-19,2024-01-17,102000,4,No,PhD,Divorced,Mumbai
243,Travis King,Sales,Sales Manager,Male,37,2023-04-18,2023-08-10,74000,3,No,Diploma,Divorced,Mumbai
244,John James,HR,Recruiter,Male,37,2016-01-01,2017-09-26,72000,4,No,PhD,Single,Chennai
245,Courtney Vaughn,HR,HR Manager,Male,57,2024-12-13,2025-02-05,39000,4,No,Bachelor,Divorced,Mumbai
246,Michael Buchanan,Sales,Sales Manager,Male,55,2018-07-10,2022-02-03,60000,5,No,Master,Married,Chennai
247,Kurt Green,Engineering,Software Engineer,Male,39,2021-06-28,2024-08-21,138000,5,Yes,Diploma,Married,Bangalore
248,Justin Williams,Sales,Sales Executive,Male,48,2020-11-26,2022-07-08,130000,4,Yes,Diploma,Divorced,Bangalore
249,Mark Green,Sales,Sales Manager,Male,46,2020-12-05,2024-04-27,142000,4,No,PhD,Married,Chennai
250,Tonya Thomas,Sales,Sales Manager,Female,22,2015-12-21,2019-05-19,133000,4,No,Diploma,Married,Chennai
251,Tyrone Mccormick,Finance,Accountant,Male,49,2015-07-12,2019-12-04,105000,3,Yes,PhD,Married,Delhi
252,Kristen Robinson,Finance,Accountant,Male,49,2018-07-20,2021-10-23,147000,5,Yes,Bachelor,Married,Delhi
253,William Clark,Sales,Sales Manager,Female,56,2025-06-26,2025-07-03,111000,5,No,Diploma,Married,Mumbai
254,Alex Thomas,Engineering,Software Engineer,Female,50,2017-10-05,2021-11-10,31000,4,No,Bachelor,Married,Chennai
255,Jamie Long,Marketing,SEO Specialist,Male,34,2018-01-28,2018-11-15,85000,4,No,PhD,Divorced,Delhi
256,Jason Massey,HR,HR Manager,Female,42,2021-05-11,2025-04-24,78000,5,No,Master,Single,Chennai
257,Michelle Haney,Engineering,DevOps Engineer,Female,32,2017-11-10,2020-12-29,99000,3,No,Master,Married,Bangalore
258,Brittany Spears,HR,HR Manager,Female,58,2016-12-10,2023-10-06,113000,4,Yes,Diploma,Single,Hyderabad
259,Jacqueline Mann,Engineering,DevOps Engineer,Male,41,2016-04-11,2021-07-13,82000,5,No,Bachelor,Single,Bangalore
260,Jason Blackwell,Sales,Sales Manager,Male,58,2021-11-10,2024-07-02,56000,3,Yes,Master,Divorced,Delhi
261,Adam Gregory,HR,HR Manager,Male,26,2022-08-11,2025-02-03,52000,5,No,Diploma,Divorced,Mumbai
262,Dr. Andrea Villarreal,HR,HR Manager,Female,31,2024-01-18,2024-01-26,124000,3,No,Bachelor,Married,Hyderabad
263,Alicia Kelly,Marketing,Content Strategist,Female,34,2022-06-16,2024-10-22,89000,4,Yes,Master,Married,Delhi
264,William Yang,HR,Recruiter,Male,37,2025-06-19,2025-06-30,63000,3,Yes,Master,Married,Hyderabad
265,Abigail Weiss,Sales,Sales Manager,Female,60,2020-05-16,2020-09-19,63000,5,No,Bachelor,Single,Mumbai
266,Dr. Ashley Floyd,Marketing,Content Strategist,Female,41,2021-09-14,2024-12-07,82000,5,No,Master,Single,Bangalore
267,Sean Sanders,Finance,Accountant,Female,33,2021-07-23,2022-03-10,31000,5,No,PhD,Single,Chennai
268,Douglas Vargas,Marketing,SEO Specialist,Female,47,2020-05-04,2023-11-25,115000,2,Yes,PhD,Divorced,Bangalore
269,Tara Li,Sales,Sales Executive,Female,40,2023-08-08,2024-11-16,75000,3,Yes,Bachelor,Married,Bangalore
270,Sandra Tate,Finance,Financial Analyst,Male,34,2024-05-27,2024-08-23,65000,4,No,Diploma,Married,Bangalore
271,Daniel Sullivan,Finance,Accountant,Female,35,2020-01-02,2021-01-06,125000,3,No,Master,Married,Mumbai
272,Jennifer Mullins,Marketing,Content Strategist,Male,50,2018-03-18,2025-04-26,119000,2,No,PhD,Divorced,Mumbai
273,Elizabeth Lewis,Marketing,SEO Specialist,Male,47,2019-06-26,2022-06-02,110000,4,Yes,Bachelor,Divorced,Delhi
274,Anthony Russell,HR,Recruiter,Female,23,2016-12-14,2018-09-13,116000,4,Yes,Bachelor,Married,Hyderabad
275,Doris Cole,Finance,Financial Analyst,Female,34,2019-02-04,2020-06-14,117000,5,Yes,PhD,Divorced,Chennai
276,Mark Taylor,Finance,Financial Analyst,Female,27,2021-10-23,2022-03-28,60000,3,No,Diploma,Married,Chennai
277,Joshua Flores,Sales,Sales Manager,Male,39,2016-06-16,2024-01-21,53000,1,No,PhD,Married,Hyderabad
278,Kenneth Gonzalez,Sales,Sales Executive,Female,44,2023-07-10,2024-05-26,149000,4,Yes,Bachelor,Married,Delhi
279,Gloria Robinson,Finance,Financial Analyst,Female,24,2024-12-28,2024-12-30,110000,3,Yes,PhD,Single,Mumbai
280,Jason Vaughn,HR,Recruiter,Male,58,2025-05-05,2025-05-21,140000,3,No,PhD,Married,Delhi
281,Andrew Brown,Engineering,Software Engineer,Male,40,2018-04-09,2024-10-20,148000,1,No,Bachelor,Single,Hyderabad
282,Tanner Howell,HR,Recruiter,Male,44,2018-03-23,2020-02-21,128000,5,No,Diploma,Divorced,Delhi
283,Melissa Smith,Finance,Accountant,Male,44,2018-11-26,2019-02-07,86000,3,No,Diploma,Divorced,Hyderabad
284,William Summers,Finance,Accountant,Male,53,2018-10-06,2024-12-13,130000,3,No,PhD,Single,Delhi
285,David Gomez,Finance,Financial Analyst,Female,37,2017-02-05,2021-06-19,38000,3,No,Bachelor,Single,Chennai
286,Michelle Jenkins,Finance,Financial Analyst,Female,52,2022-10-30,2023-11-08,61000,4,Yes,Diploma,Single,Chennai
287,Ebony Wyatt,Engineering,Software Engineer,Male,59,2015-07-09,2018-03-19,104000,3,No,Bachelor,Divorced,Mumbai
288,Brittany Flores,Finance,Financial Analyst,Female,47,2021-07-09,2024-10-05,139000,3,No,Bachelor,Married,Mumbai
289,Emily Mclaughlin,Finance,Financial Analyst,Male,39,2024-09-30,2025-05-19,70000,3,No,Diploma,Single,Bangalore
290,Megan Hudson,Engineering,Data Analyst,Female,58,2020-08-14,2021-05-16,78000,3,No,Bachelor,Single,Mumbai
291,Barbara Berry DDS,Sales,Sales Executive,Female,58,2019-11-11,2024-10-02,65000,2,No,Diploma,Married,Bangalore
292,Rodney Jones,Marketing,SEO Specialist,Male,44,2017-11-12,2023-04-03,42000,4,No,PhD,Divorced,Bangalore
293,Christopher Cohen,HR,HR Manager,Male,23,2024-06-24,2025-05-31,132000,3,Yes,PhD,Single,Delhi
294,Margaret Moore,Finance,Financial Analyst,Female,42,2016-02-03,2017-08-16,80000,3,No,PhD,Single,Chennai
295,Ashley Walker,Finance,Accountant,Female,37,2023-05-27,2024-02-07,38000,1,No,Diploma,Single,Bangalore
296,Katie Lee,Sales,Sales Manager,Female,32,2015-07-17,2020-05-17,69000,4,No,Master,Divorced,Bangalore
297,Jessica Henderson,Finance,Financial Analyst,Female,47,2022-08-28,2022-12-18,42000,5,No,Diploma,Single,Bangalore
298,Diane Sanders DVM,Engineering,Software Engineer,Male,54,2016-09-20,2022-10-17,86000,2,Yes,Bachelor,Divorced,Mumbai
299,Brittany Miller,Engineering,Software Engineer,Female,22,2021-08-08,2022-09-02,117000,5,Yes,Master,Married,Chennai
300,Heather Snyder,HR,Recruiter,Female,58,2021-05-23,2022-04-01,56000,4,No,Diploma,Married,Delhi
